"day","hour","forecast","value location:60_127 Start : 20180901 "
"01","00:30","+1","25.900000"
"01","00:30","+2","27.500000"
"01","00:30","+3","29.000000"
"01","01:30","+1","27.400000"
"01","01:30","+2","29.000000"
"01","02:30","+1","29.000000"
"01","02:30","+2","29.700001"
"01","02:30","+3","30.299999"
"01","02:30","+4","31.000000"
"01","03:30","+1","29.100000"
"01","03:30","+2","30.000000"
"01","03:30","+3","31.000000"
"01","04:30","+1","30.000000"
"01","04:30","+2","31.000000"
"01","05:30","+1","31.000000"
"01","05:30","+2","30.299999"
"01","05:30","+3","29.700001"
"01","05:30","+4","29.000000"
"01","06:30","+1","29.700001"
"01","06:30","+2","29.299999"
"01","06:30","+3","29.000000"
"01","07:30","+1","29.700001"
"01","07:30","+2","29.000000"
"01","08:30","+1","29.000000"
"01","08:30","+2","27.700001"
"01","08:30","+3","26.299999"
"01","08:30","+4","25.000000"
"01","09:30","+1","26.900000"
"01","09:30","+2","25.500000"
"01","09:30","+3","24.000000"
"01","10:30","+1","25.600000"
"01","10:30","+2","24.000000"
"01","11:30","+1","24.000000"
"01","11:30","+2","23.700001"
"01","11:30","+3","23.299999"
"01","11:30","+4","23.000000"
"01","12:30","+1","24.500000"
"01","12:30","+2","23.799999"
"01","12:30","+3","23.000000"
"01","13:30","+1","23.900000"
"01","13:30","+2","23.000000"
"01","14:30","+1","23.000000"
"01","14:30","+2","22.299999"
"01","14:30","+3","21.700001"
"01","14:30","+4","21.000000"
"01","15:30","+1","22.900000"
"01","15:30","+2","21.900000"
"01","15:30","+3","21.000000"
"01","16:30","+1","21.900000"
"01","16:30","+2","21.000000"
"01","17:30","+1","21.000000"
"01","17:30","+2","20.700001"
"01","17:30","+3","20.299999"
"01","17:30","+4","20.000000"
"01","18:30","+1","20.700001"
"01","18:30","+2","20.400000"
"01","18:30","+3","20.000000"
"01","19:30","+1","20.400000"
"01","19:30","+2","20.000000"
"01","20:30","+1","20.000000"
"01","20:30","+2","21.000000"
"01","20:30","+3","22.000000"
"01","20:30","+4","23.000000"
"01","21:30","+1","20.900000"
"01","21:30","+2","22.400000"
"01","21:30","+3","24.000000"
"01","22:30","+1","22.000000"
"01","22:30","+2","24.000000"
"01","23:30","+1","24.000000"
"01","23:30","+2","25.000000"
"01","23:30","+3","26.000000"
"01","23:30","+4","27.000000"
"02","00:30","+1","24.400000"
"02","00:30","+2","25.700001"
"02","00:30","+3","27.000000"
"02","01:30","+1","25.799999"
"02","01:30","+2","27.000000"
"02","02:30","+1","27.000000"
"02","02:30","+2","27.700001"
"02","02:30","+3","28.299999"
"02","02:30","+4","29.000000"
"02","03:30","+1","27.500000"
"02","03:30","+2","28.200001"
"02","03:30","+3","29.000000"
"02","04:30","+1","28.200001"
"02","04:30","+2","29.000000"
"02","05:30","+1","29.000000"
"02","05:30","+2","28.299999"
"02","05:30","+3","27.700001"
"02","05:30","+4","27.000000"
"02","06:30","+1","28.299999"
"02","06:30","+2","27.700001"
"02","06:30","+3","27.000000"
"02","07:30","+1","27.700001"
"02","07:30","+2","27.000000"
"02","08:30","+1","27.000000"
"02","08:30","+2","26.299999"
"02","08:30","+3","25.700001"
"02","08:30","+4","25.000000"
"02","09:30","+1","25.799999"
"02","09:30","+2","25.400000"
"02","09:30","+3","25.000000"
"02","10:30","+1","25.400000"
"02","10:30","+2","25.000000"
"02","11:30","+1","25.000000"
"02","11:30","+2","24.700001"
"02","11:30","+3","24.299999"
"02","11:30","+4","24.000000"
"02","12:30","+1","25.000000"
"02","12:30","+2","24.500000"
"02","12:30","+3","24.000000"
"02","13:30","+1","24.600000"
"02","13:30","+2","24.000000"
"02","14:30","+1","24.000000"
"02","14:30","+2","23.700001"
"02","14:30","+3","23.299999"
"02","14:30","+4","23.000000"
"02","15:30","+1","23.900000"
"02","15:30","+2","23.500000"
"02","15:30","+3","23.000000"
"02","16:30","+1","23.500000"
"02","16:30","+2","23.000000"
"02","17:30","+1","23.000000"
"02","17:30","+2","22.700001"
"02","17:30","+3","22.299999"
"02","17:30","+4","22.000000"
"02","18:30","+1","23.200001"
"02","18:30","+2","22.600000"
"02","18:30","+3","22.000000"
"02","19:30","+1","22.700001"
"02","19:30","+2","22.000000"
"02","20:30","+1","22.000000"
"02","20:30","+2","22.299999"
"02","20:30","+3","22.700001"
"02","20:30","+4","23.000000"
"02","21:30","+1","24.299999"
"02","21:30","+2","24.100000"
"02","21:30","+3","24.000000"
"02","22:30","+1","24.000000"
"02","22:30","+2","24.000000"
"02","23:30","+1","24.000000"
"02","23:30","+2","24.000000"
"02","23:30","+3","24.000000"
"02","23:30","+4","24.000000"
"03","00:30","+1","23.200001"
"03","00:30","+2","23.600000"
"03","00:30","+3","24.000000"
"03","01:30","+1","23.299999"
"03","01:30","+2","24.000000"
"03","02:30","+1","24.000000"
"03","02:30","+2","24.000000"
"03","02:30","+3","24.000000"
"03","02:30","+4","24.000000"
"03","03:30","+1","23.200001"
"03","03:30","+2","23.600000"
"03","03:30","+3","24.000000"
"03","04:30","+1","24.100000"
"03","04:30","+2","24.000000"
"03","05:30","+1","24.000000"
"03","05:30","+2","24.000000"
"03","05:30","+3","24.000000"
"03","05:30","+4","24.000000"
"03","06:30","+1","24.900000"
"03","06:30","+2","24.500000"
"03","06:30","+3","24.000000"
"03","07:30","+1","24.299999"
"03","07:30","+2","24.000000"
"03","08:30","+1","24.000000"
"03","08:30","+2","24.299999"
"03","08:30","+3","24.700001"
"03","08:30","+4","25.000000"
"03","09:30","+1","21.600000"
"03","09:30","+2","21.799999"
"03","09:30","+3","22.000000"
"03","10:30","+1","21.400000"
"03","10:30","+2","22.000000"
"03","11:30","+1","22.000000"
"03","11:30","+2","22.000000"
"03","11:30","+3","22.000000"
"03","11:30","+4","22.000000"
"03","12:30","+1","20.500000"
"03","12:30","+2","21.299999"
"03","12:30","+3","22.000000"
"03","13:30","+1","20.900000"
"03","13:30","+2","22.000000"
"03","14:30","+1","22.000000"
"03","14:30","+2","22.299999"
"03","14:30","+3","22.700001"
"03","14:30","+4","23.000000"
"03","15:30","+1","21.200001"
"03","15:30","+2","22.100000"
"03","15:30","+3","23.000000"
"03","16:30","+1","21.799999"
"03","16:30","+2","23.000000"
"03","17:30","+1","23.000000"
"03","17:30","+2","22.700001"
"03","17:30","+3","22.299999"
"03","17:30","+4","22.000000"
"03","18:30","+1","21.200001"
"03","18:30","+2","21.600000"
"03","18:30","+3","22.000000"
"03","19:30","+1","21.400000"
"03","19:30","+2","22.000000"
"03","20:30","+1","22.000000"
"03","20:30","+2","22.299999"
"03","20:30","+3","22.700001"
"03","20:30","+4","23.000000"
"03","21:30","+1","20.700001"
"03","21:30","+2","21.799999"
"03","21:30","+3","23.000000"
"03","22:30","+1","21.200001"
"03","22:30","+2","23.000000"
"03","23:30","+1","23.000000"
"03","23:30","+2","24.299999"
"03","23:30","+3","25.700001"
"03","23:30","+4","27.000000"
"04","00:30","+1","23.200001"
"04","00:30","+2","25.100000"
"04","00:30","+3","27.000000"
"04","01:30","+1","24.900000"
"04","01:30","+2","27.000000"
"04","02:30","+1","27.000000"
"04","02:30","+2","27.000000"
"04","02:30","+3","27.000000"
"04","02:30","+4","27.000000"
"04","03:30","+1","25.700001"
"04","03:30","+2","26.299999"
"04","03:30","+3","27.000000"
"04","04:30","+1","26.200001"
"04","04:30","+2","27.000000"
"04","05:30","+1","27.000000"
"04","05:30","+2","26.700001"
"04","05:30","+3","26.299999"
"04","05:30","+4","26.000000"
"04","06:30","+1","25.700001"
"04","06:30","+2","25.900000"
"04","06:30","+3","26.000000"
"04","07:30","+1","26.000000"
"04","07:30","+2","26.000000"
"04","08:30","+1","26.000000"
"04","08:30","+2","24.700001"
"04","08:30","+3","23.299999"
"04","08:30","+4","22.000000"
"04","09:30","+1","23.799999"
"04","09:30","+2","22.900000"
"04","09:30","+3","22.000000"
"04","10:30","+1","22.799999"
"04","10:30","+2","22.000000"
"04","11:30","+1","22.000000"
"04","11:30","+2","21.700001"
"04","11:30","+3","21.299999"
"04","11:30","+4","21.000000"
"04","12:30","+1","21.500000"
"04","12:30","+2","21.299999"
"04","12:30","+3","21.000000"
"04","13:30","+1","21.100000"
"04","13:30","+2","21.000000"
"04","14:30","+1","21.000000"
"04","14:30","+2","21.000000"
"04","14:30","+3","21.000000"
"04","14:30","+4","21.000000"
"04","15:30","+1","20.400000"
"04","15:30","+2","20.700001"
"04","15:30","+3","21.000000"
"04","16:30","+1","20.500000"
"04","16:30","+2","21.000000"
"04","17:30","+1","21.000000"
"04","17:30","+2","20.700001"
"04","17:30","+3","20.299999"
"04","17:30","+4","20.000000"
"04","18:30","+1","19.900000"
"04","18:30","+2","20.000000"
"04","18:30","+3","20.000000"
"04","19:30","+1","19.700001"
"04","19:30","+2","20.000000"
"04","20:30","+1","20.000000"
"04","20:30","+2","21.000000"
"04","20:30","+3","22.000000"
"04","20:30","+4","23.000000"
"04","21:30","+1","20.799999"
"04","21:30","+2","21.900000"
"04","21:30","+3","23.000000"
"04","22:30","+1","21.500000"
"04","22:30","+2","23.000000"
"04","23:30","+1","23.000000"
"04","23:30","+2","24.000000"
"04","23:30","+3","25.000000"
"04","23:30","+4","26.000000"
"05","00:30","+1","23.799999"
"05","00:30","+2","24.900000"
"05","00:30","+3","26.000000"
"05","01:30","+1","25.200001"
"05","01:30","+2","26.000000"
"05","02:30","+1","26.000000"
"05","02:30","+2","26.299999"
"05","02:30","+3","26.700001"
"05","02:30","+4","27.000000"
"05","03:30","+1","26.400000"
"05","03:30","+2","26.700001"
"05","03:30","+3","27.000000"
"05","04:30","+1","26.799999"
"05","04:30","+2","27.000000"
"05","05:30","+1","27.000000"
"05","05:30","+2","26.700001"
"05","05:30","+3","26.299999"
"05","05:30","+4","26.000000"
"05","06:30","+1","26.900000"
"05","06:30","+2","26.400000"
"05","06:30","+3","26.000000"
"05","07:30","+1","26.700001"
"05","07:30","+2","26.000000"
"05","08:30","+1","26.000000"
"05","08:30","+2","24.700001"
"05","08:30","+3","23.299999"
"05","08:30","+4","22.000000"
"05","09:30","+1","25.400000"
"05","09:30","+2","24.700001"
"05","09:30","+3","24.000000"
"05","10:30","+1","24.500000"
"05","10:30","+2","24.000000"
"05","11:30","+1","24.000000"
"05","11:30","+2","23.299999"
"05","11:30","+3","22.700001"
"05","11:30","+4","22.000000"
"05","12:30","+1","23.600000"
"05","12:30","+2","22.799999"
"05","12:30","+3","22.000000"
"05","13:30","+1","22.799999"
"05","13:30","+2","22.000000"
"05","14:30","+1","22.000000"
"05","14:30","+2","21.700001"
"05","14:30","+3","21.299999"
"05","14:30","+4","21.000000"
"05","15:30","+1","21.600000"
"05","15:30","+2","21.299999"
"05","15:30","+3","21.000000"
"05","16:30","+1","21.200001"
"05","16:30","+2","21.000000"
"05","17:30","+1","21.000000"
"05","17:30","+2","20.299999"
"05","17:30","+3","19.700001"
"05","17:30","+4","19.000000"
"05","18:30","+1","20.299999"
"05","18:30","+2","19.700001"
"05","18:30","+3","19.000000"
"05","19:30","+1","19.799999"
"05","19:30","+2","19.000000"
"05","20:30","+1","19.000000"
"05","20:30","+2","20.000000"
"05","20:30","+3","21.000000"
"05","20:30","+4","22.000000"
"05","21:30","+1","21.700001"
"05","21:30","+2","22.400000"
"05","21:30","+3","23.000000"
"05","22:30","+1","21.900000"
"05","22:30","+2","23.000000"
"05","23:30","+1","23.000000"
"05","23:30","+2","24.299999"
"05","23:30","+3","25.700001"
"05","23:30","+4","27.000000"
"06","00:30","+1","23.900000"
"06","00:30","+2","25.400000"
"06","00:30","+3","27.000000"
"06","01:30","+1","25.500000"
"06","01:30","+2","27.000000"
"06","02:30","+1","27.000000"
"06","02:30","+2","27.299999"
"06","02:30","+3","27.700001"
"06","02:30","+4","28.000000"
"06","03:30","+1","27.100000"
"06","03:30","+2","27.500000"
"06","03:30","+3","28.000000"
"06","04:30","+1","27.700001"
"06","04:30","+2","28.000000"
"06","05:30","+1","28.000000"
"06","05:30","+2","27.299999"
"06","05:30","+3","26.700001"
"06","05:30","+4","26.000000"
"06","06:30","+1","26.799999"
"06","06:30","+2","26.400000"
"06","06:30","+3","26.000000"
"06","07:30","+1","25.900000"
"06","07:30","+2","26.000000"
"06","08:30","+1","26.000000"
"06","08:30","+2","25.299999"
"06","08:30","+3","24.700001"
"06","08:30","+4","24.000000"
"06","09:30","+1","23.700001"
"06","09:30","+2","23.400000"
"06","09:30","+3","23.000000"
"06","10:30","+1","23.299999"
"06","10:30","+2","23.000000"
"06","11:30","+1","23.000000"
"06","11:30","+2","22.700001"
"06","11:30","+3","22.299999"
"06","11:30","+4","22.000000"
"06","12:30","+1","22.400000"
"06","12:30","+2","22.200001"
"06","12:30","+3","22.000000"
"06","13:30","+1","22.299999"
"06","13:30","+2","22.000000"
"06","14:30","+1","22.000000"
"06","14:30","+2","22.000000"
"06","14:30","+3","22.000000"
"06","14:30","+4","22.000000"
"06","15:30","+1","20.700001"
"06","15:30","+2","21.299999"
"06","15:30","+3","22.000000"
"06","16:30","+1","21.400000"
"06","16:30","+2","22.000000"
"06","17:30","+1","22.000000"
"06","17:30","+2","21.299999"
"06","17:30","+3","20.700001"
"06","17:30","+4","20.000000"
"06","18:30","+1","20.000000"
"06","18:30","+2","20.000000"
"06","18:30","+3","20.000000"
"06","19:30","+1","19.799999"
"06","19:30","+2","20.000000"
"06","20:30","+1","20.000000"
"06","20:30","+2","21.000000"
"06","20:30","+3","22.000000"
"06","20:30","+4","23.000000"
"06","21:30","+1","20.200001"
"06","21:30","+2","21.100000"
"06","21:30","+3","22.000000"
"06","22:30","+1","20.799999"
"06","22:30","+2","22.000000"
"06","23:30","+1","22.000000"
"06","23:30","+2","22.700001"
"06","23:30","+3","23.299999"
"06","23:30","+4","24.000000"
"07","00:30","+1","22.000000"
"07","00:30","+2","23.000000"
"07","00:30","+3","24.000000"
"07","01:30","+1","23.200001"
"07","01:30","+2","24.000000"
"07","02:30","+1","24.000000"
"07","02:30","+2","24.299999"
"07","02:30","+3","24.700001"
"07","02:30","+4","25.000000"
"07","03:30","+1","24.200001"
"07","03:30","+2","24.600000"
"07","03:30","+3","25.000000"
"07","04:30","+1","24.500000"
"07","04:30","+2","25.000000"
"07","05:30","+1","25.000000"
"07","05:30","+2","24.700001"
"07","05:30","+3","24.299999"
"07","05:30","+4","24.000000"
"07","06:30","+1","24.100000"
"07","06:30","+2","24.000000"
"07","06:30","+3","24.000000"
"07","07:30","+1","24.299999"
"07","07:30","+2","24.000000"
"07","08:30","+1","24.000000"
"07","08:30","+2","23.000000"
"07","08:30","+3","22.000000"
"07","08:30","+4","21.000000"
"07","09:30","+1","22.900000"
"07","09:30","+2","22.000000"
"07","09:30","+3","21.000000"
"07","10:30","+1","21.700001"
"07","10:30","+2","21.000000"
"07","11:30","+1","21.000000"
"07","11:30","+2","20.299999"
"07","11:30","+3","19.700001"
"07","11:30","+4","19.000000"
"07","12:30","+1","20.000000"
"07","12:30","+2","19.500000"
"07","12:30","+3","19.000000"
"07","13:30","+1","19.500000"
"07","13:30","+2","19.000000"
"07","14:30","+1","19.000000"
"07","14:30","+2","18.700001"
"07","14:30","+3","18.299999"
"07","14:30","+4","18.000000"
"07","15:30","+1","18.500000"
"07","15:30","+2","18.299999"
"07","15:30","+3","18.000000"
"07","16:30","+1","18.100000"
"07","16:30","+2","18.000000"
"07","17:30","+1","18.000000"
"07","17:30","+2","17.700001"
"07","17:30","+3","17.299999"
"07","17:30","+4","17.000000"
"07","18:30","+1","17.200001"
"07","18:30","+2","17.100000"
"07","18:30","+3","17.000000"
"07","19:30","+1","16.900000"
"07","19:30","+2","17.000000"
"07","20:30","+1","17.000000"
"07","20:30","+2","18.000000"
"07","20:30","+3","19.000000"
"07","20:30","+4","20.000000"
"07","21:30","+1","17.200001"
"07","21:30","+2","18.600000"
"07","21:30","+3","20.000000"
"07","22:30","+1","18.100000"
"07","22:30","+2","20.000000"
"07","23:30","+1","20.000000"
"07","23:30","+2","22.000000"
"07","23:30","+3","24.000000"
"07","23:30","+4","26.000000"
"08","00:30","+1","21.600000"
"08","00:30","+2","23.799999"
"08","00:30","+3","26.000000"
"08","01:30","+1","23.900000"
"08","01:30","+2","26.000000"
"08","02:30","+1","26.000000"
"08","02:30","+2","26.299999"
"08","02:30","+3","26.700001"
"08","02:30","+4","27.000000"
"08","03:30","+1","26.000000"
"08","03:30","+2","26.500000"
"08","03:30","+3","27.000000"
"08","04:30","+1","26.600000"
"08","04:30","+2","27.000000"
"08","05:30","+1","27.000000"
"08","05:30","+2","26.299999"
"08","05:30","+3","25.700001"
"08","05:30","+4","25.000000"
"08","06:30","+1","25.799999"
"08","06:30","+2","25.400000"
"08","06:30","+3","25.000000"
"08","07:30","+1","25.600000"
"08","07:30","+2","25.000000"
"08","08:30","+1","25.000000"
"08","08:30","+2","23.700001"
"08","08:30","+3","22.299999"
"08","08:30","+4","21.000000"
"08","09:30","+1","24.100000"
"08","09:30","+2","23.100000"
"08","09:30","+3","22.000000"
"08","10:30","+1","22.900000"
"08","10:30","+2","22.000000"
"08","11:30","+1","22.000000"
"08","11:30","+2","21.299999"
"08","11:30","+3","20.700001"
"08","11:30","+4","20.000000"
"08","12:30","+1","21.299999"
"08","12:30","+2","20.600000"
"08","12:30","+3","20.000000"
"08","13:30","+1","20.700001"
"08","13:30","+2","20.000000"
"08","14:30","+1","20.000000"
"08","14:30","+2","19.299999"
"08","14:30","+3","18.700001"
"08","14:30","+4","18.000000"
"08","15:30","+1","19.400000"
"08","15:30","+2","18.700001"
"08","15:30","+3","18.000000"
"08","16:30","+1","18.600000"
"08","16:30","+2","18.000000"
"08","17:30","+1","18.000000"
"08","17:30","+2","17.700001"
"08","17:30","+3","17.299999"
"08","17:30","+4","17.000000"
"08","18:30","+1","17.299999"
"08","18:30","+2","17.200001"
"08","18:30","+3","17.000000"
"08","19:30","+1","17.000000"
"08","19:30","+2","17.000000"
"08","20:30","+1","17.000000"
"08","20:30","+2","18.000000"
"08","20:30","+3","19.000000"
"08","20:30","+4","20.000000"
"08","21:30","+1","17.100000"
"08","21:30","+2","19.100000"
"08","21:30","+3","21.000000"
"08","22:30","+1","18.500000"
"08","22:30","+2","21.000000"
"08","23:30","+1","21.000000"
"08","23:30","+2","22.700001"
"08","23:30","+3","24.299999"
"08","23:30","+4","26.000000"
"09","00:30","+1","22.500000"
"09","00:30","+2","24.299999"
"09","00:30","+3","26.000000"
"09","01:30","+1","24.400000"
"09","01:30","+2","26.000000"
"09","02:30","+1","26.000000"
"09","02:30","+2","26.299999"
"09","02:30","+3","26.700001"
"09","02:30","+4","27.000000"
"09","03:30","+1","26.200001"
"09","03:30","+2","26.600000"
"09","03:30","+3","27.000000"
"09","04:30","+1","26.600000"
"09","04:30","+2","27.000000"
"09","05:30","+1","27.000000"
"09","05:30","+2","26.299999"
"09","05:30","+3","25.700001"
"09","05:30","+4","25.000000"
"09","06:30","+1","26.500000"
"09","06:30","+2","25.700001"
"09","06:30","+3","25.000000"
"09","07:30","+1","26.000000"
"09","07:30","+2","25.000000"
"09","08:30","+1","25.000000"
"09","08:30","+2","23.700001"
"09","08:30","+3","22.299999"
"09","08:30","+4","21.000000"
"09","09:30","+1","24.600000"
"09","09:30","+2","23.299999"
"09","09:30","+3","22.000000"
"09","10:30","+1","22.900000"
"09","10:30","+2","22.000000"
"09","11:30","+1","22.000000"
"09","11:30","+2","21.299999"
"09","11:30","+3","20.700001"
"09","11:30","+4","20.000000"
"09","12:30","+1","21.500000"
"09","12:30","+2","20.700001"
"09","12:30","+3","20.000000"
"09","13:30","+1","20.900000"
"09","13:30","+2","20.000000"
"09","14:30","+1","20.000000"
"09","14:30","+2","19.299999"
"09","14:30","+3","18.700001"
"09","14:30","+4","18.000000"
"09","15:30","+1","19.799999"
"09","15:30","+2","18.900000"
"09","15:30","+3","18.000000"
"09","16:30","+1","19.000000"
"09","16:30","+2","18.000000"
"09","17:30","+1","18.000000"
"09","17:30","+2","17.700001"
"09","17:30","+3","17.299999"
"09","17:30","+4","17.000000"
"09","18:30","+1","18.200001"
"09","18:30","+2","17.600000"
"09","18:30","+3","17.000000"
"09","19:30","+1","17.600000"
"09","19:30","+2","17.000000"
"09","20:30","+1","17.000000"
"09","20:30","+2","18.299999"
"09","20:30","+3","19.700001"
"09","20:30","+4","21.000000"
"09","21:30","+1","20.299999"
"09","21:30","+2","21.200001"
"09","21:30","+3","22.000000"
"09","22:30","+1","20.799999"
"09","22:30","+2","22.000000"
"09","23:30","+1","22.000000"
"09","23:30","+2","23.000000"
"09","23:30","+3","24.000000"
"09","23:30","+4","25.000000"
"10","00:30","+1","23.200001"
"10","00:30","+2","24.100000"
"10","00:30","+3","25.000000"
"10","01:30","+1","24.299999"
"10","01:30","+2","25.000000"
"10","02:30","+1","25.000000"
"10","02:30","+2","25.700001"
"10","02:30","+3","26.299999"
"10","02:30","+4","27.000000"
"10","03:30","+1","25.799999"
"10","03:30","+2","26.400000"
"10","03:30","+3","27.000000"
"10","04:30","+1","26.400000"
"10","04:30","+2","27.000000"
"10","05:30","+1","27.000000"
"10","05:30","+2","26.000000"
"10","05:30","+3","25.000000"
"10","05:30","+4","24.000000"
"10","06:30","+1","26.200001"
"10","06:30","+2","25.100000"
"10","06:30","+3","24.000000"
"10","07:30","+1","25.299999"
"10","07:30","+2","24.000000"
"10","08:30","+1","24.000000"
"10","08:30","+2","23.000000"
"10","08:30","+3","22.000000"
"10","08:30","+4","21.000000"
"10","09:30","+1","24.200001"
"10","09:30","+2","23.100000"
"10","09:30","+3","22.000000"
"10","10:30","+1","23.200001"
"10","10:30","+2","22.000000"
"10","11:30","+1","22.000000"
"10","11:30","+2","21.299999"
"10","11:30","+3","20.700001"
"10","11:30","+4","20.000000"
"10","12:30","+1","21.900000"
"10","12:30","+2","20.900000"
"10","12:30","+3","20.000000"
"10","13:30","+1","21.000000"
"10","13:30","+2","20.000000"
"10","14:30","+1","20.000000"
"10","14:30","+2","19.299999"
"10","14:30","+3","18.700001"
"10","14:30","+4","18.000000"
"10","15:30","+1","19.600000"
"10","15:30","+2","18.799999"
"10","15:30","+3","18.000000"
"10","16:30","+1","18.799999"
"10","16:30","+2","18.000000"
"10","17:30","+1","18.000000"
"10","17:30","+2","17.700001"
"10","17:30","+3","17.299999"
"10","17:30","+4","17.000000"
"10","18:30","+1","17.700001"
"10","18:30","+2","17.299999"
"10","18:30","+3","17.000000"
"10","19:30","+1","17.200001"
"10","19:30","+2","17.000000"
"10","20:30","+1","17.000000"
"10","20:30","+2","18.299999"
"10","20:30","+3","19.700001"
"10","20:30","+4","21.000000"
"10","21:30","+1","17.799999"
"10","21:30","+2","18.900000"
"10","21:30","+3","20.000000"
"10","22:30","+1","18.400000"
"10","22:30","+2","20.000000"
"10","23:30","+1","20.000000"
"10","23:30","+2","21.700001"
"10","23:30","+3","23.299999"
"10","23:30","+4","25.000000"
"11","00:30","+1","21.200001"
"11","00:30","+2","23.100000"
"11","00:30","+3","25.000000"
"11","01:30","+1","23.200001"
"11","01:30","+2","25.000000"
"11","02:30","+1","25.000000"
"11","02:30","+2","25.299999"
"11","02:30","+3","25.700001"
"11","02:30","+4","26.000000"
"11","03:30","+1","24.900000"
"11","03:30","+2","25.500000"
"11","03:30","+3","26.000000"
"11","04:30","+1","25.500000"
"11","04:30","+2","26.000000"
"11","05:30","+1","26.000000"
"11","05:30","+2","25.299999"
"11","05:30","+3","24.700001"
"11","05:30","+4","24.000000"
"11","06:30","+1","24.400000"
"11","06:30","+2","24.200001"
"11","06:30","+3","24.000000"
"11","07:30","+1","24.200001"
"11","07:30","+2","24.000000"
"11","08:30","+1","24.000000"
"11","08:30","+2","23.000000"
"11","08:30","+3","22.000000"
"11","08:30","+4","21.000000"
"11","09:30","+1","23.000000"
"11","09:30","+2","22.000000"
"11","09:30","+3","21.000000"
"11","10:30","+1","22.000000"
"11","10:30","+2","21.000000"
"11","11:30","+1","21.000000"
"11","11:30","+2","20.299999"
"11","11:30","+3","19.700001"
"11","11:30","+4","19.000000"
"11","12:30","+1","20.900000"
"11","12:30","+2","19.900000"
"11","12:30","+3","19.000000"
"11","13:30","+1","20.100000"
"11","13:30","+2","19.000000"
"11","14:30","+1","19.000000"
"11","14:30","+2","18.700001"
"11","14:30","+3","18.299999"
"11","14:30","+4","18.000000"
"11","15:30","+1","19.400000"
"11","15:30","+2","18.700001"
"11","15:30","+3","18.000000"
"11","16:30","+1","18.799999"
"11","16:30","+2","18.000000"
"11","17:30","+1","18.000000"
"11","17:30","+2","17.700001"
"11","17:30","+3","17.299999"
"11","17:30","+4","17.000000"
"11","18:30","+1","18.000000"
"11","18:30","+2","17.500000"
"11","18:30","+3","17.000000"
"11","19:30","+1","17.500000"
"11","19:30","+2","17.000000"
"11","20:30","+1","17.000000"
"11","20:30","+2","18.299999"
"11","20:30","+3","19.700001"
"11","20:30","+4","21.000000"
"11","21:30","+1","18.100000"
"11","21:30","+2","19.000000"
"11","21:30","+3","20.000000"
"11","22:30","+1","18.500000"
"11","22:30","+2","20.000000"
"11","23:30","+1","20.000000"
"11","23:30","+2","21.700001"
"11","23:30","+3","23.299999"
"11","23:30","+4","25.000000"
"12","00:30","+1","21.600000"
"12","00:30","+2","23.299999"
"12","00:30","+3","25.000000"
"12","01:30","+1","23.400000"
"12","01:30","+2","25.000000"
"12","02:30","+1","25.000000"
"12","02:30","+2","25.700001"
"12","02:30","+3","26.299999"
"12","02:30","+4","27.000000"
"12","03:30","+1","25.900000"
"12","03:30","+2","26.900000"
"12","03:30","+3","28.000000"
"12","04:30","+1","27.000000"
"12","04:30","+2","28.000000"
"12","05:30","+1","28.000000"
"12","05:30","+2","27.299999"
"12","05:30","+3","26.700001"
"12","05:30","+4","26.000000"
"12","06:30","+1","26.600000"
"12","06:30","+2","26.299999"
"12","06:30","+3","26.000000"
"12","07:30","+1","26.500000"
"12","07:30","+2","26.000000"
"12","08:30","+1","26.000000"
"12","08:30","+2","24.700001"
"12","08:30","+3","23.299999"
"12","08:30","+4","22.000000"
"12","09:30","+1","25.000000"
"12","09:30","+2","24.000000"
"12","09:30","+3","23.000000"
"12","10:30","+1","23.700001"
"12","10:30","+2","23.000000"
"12","11:30","+1","23.000000"
"12","11:30","+2","22.700001"
"12","11:30","+3","22.299999"
"12","11:30","+4","22.000000"
"12","12:30","+1","22.500000"
"12","12:30","+2","22.200001"
"12","12:30","+3","22.000000"
"12","13:30","+1","22.200001"
"12","13:30","+2","22.000000"
"12","14:30","+1","22.000000"
"12","14:30","+2","21.299999"
"12","14:30","+3","20.700001"
"12","14:30","+4","20.000000"
"12","15:30","+1","21.299999"
"12","15:30","+2","20.700001"
"12","15:30","+3","20.000000"
"12","16:30","+1","20.799999"
"12","16:30","+2","20.000000"
"12","17:30","+1","20.000000"
"12","17:30","+2","19.700001"
"12","17:30","+3","19.299999"
"12","17:30","+4","19.000000"
"12","18:30","+1","19.900000"
"12","18:30","+2","19.500000"
"12","18:30","+3","19.000000"
"12","19:30","+1","19.500000"
"12","19:30","+2","19.000000"
"12","20:30","+1","19.000000"
"12","20:30","+2","19.700001"
"12","20:30","+3","20.299999"
"12","20:30","+4","21.000000"
"12","21:30","+1","20.500000"
"12","21:30","+2","20.799999"
"12","21:30","+3","21.000000"
"12","22:30","+1","20.600000"
"12","22:30","+2","21.000000"
"12","23:30","+1","21.000000"
"12","23:30","+2","22.000000"
"12","23:30","+3","23.000000"
"12","23:30","+4","24.000000"
"13","00:30","+1","22.200001"
"13","00:30","+2","23.100000"
"13","00:30","+3","24.000000"
"13","01:30","+1","23.000000"
"13","01:30","+2","24.000000"
"13","02:30","+1","24.000000"
"13","02:30","+2","25.000000"
"13","02:30","+3","26.000000"
"13","02:30","+4","27.000000"
"13","03:30","+1","24.600000"
"13","03:30","+2","25.799999"
"13","03:30","+3","27.000000"
"13","04:30","+1","25.700001"
"13","04:30","+2","27.000000"
"13","05:30","+1","27.000000"
"13","05:30","+2","26.299999"
"13","05:30","+3","25.700001"
"13","05:30","+4","25.000000"
"13","06:30","+1","25.799999"
"13","06:30","+2","25.400000"
"13","06:30","+3","25.000000"
"13","07:30","+1","25.600000"
"13","07:30","+2","25.000000"
"13","08:30","+1","25.000000"
"13","08:30","+2","24.299999"
"13","08:30","+3","23.700001"
"13","08:30","+4","23.000000"
"13","09:30","+1","24.700001"
"13","09:30","+2","23.900000"
"13","09:30","+3","23.000000"
"13","10:30","+1","23.600000"
"13","10:30","+2","23.000000"
"13","11:30","+1","23.000000"
"13","11:30","+2","22.700001"
"13","11:30","+3","22.299999"
"13","11:30","+4","22.000000"
"13","12:30","+1","22.299999"
"13","12:30","+2","22.200001"
"13","12:30","+3","22.000000"
"13","13:30","+1","22.200001"
"13","13:30","+2","22.000000"
"13","14:30","+1","22.000000"
"13","14:30","+2","21.700001"
"13","14:30","+3","21.299999"
"13","14:30","+4","21.000000"
"13","15:30","+1","21.799999"
"13","15:30","+2","21.400000"
"13","15:30","+3","21.000000"
"13","16:30","+1","21.299999"
"13","16:30","+2","21.000000"
"13","17:30","+1","21.000000"
"13","17:30","+2","20.700001"
"13","17:30","+3","20.299999"
"13","17:30","+4","20.000000"
"13","18:30","+1","20.500000"
"13","18:30","+2","20.200001"
"13","18:30","+3","20.000000"
"13","19:30","+1","20.299999"
"13","19:30","+2","20.000000"
"13","20:30","+1","20.000000"
"13","20:30","+2","20.299999"
"13","20:30","+3","20.700001"
"13","20:30","+4","21.000000"
"13","21:30","+1","20.900000"
"13","21:30","+2","21.400000"
"13","21:30","+3","22.000000"
"13","22:30","+1","21.100000"
"13","22:30","+2","22.000000"
"13","23:30","+1","22.000000"
"13","23:30","+2","23.000000"
"13","23:30","+3","24.000000"
"13","23:30","+4","25.000000"
"14","00:30","+1","22.700001"
"14","00:30","+2","23.900000"
"14","00:30","+3","25.000000"
"14","01:30","+1","24.000000"
"14","01:30","+2","25.000000"
"14","02:30","+1","25.000000"
"14","02:30","+2","25.299999"
"14","02:30","+3","25.700001"
"14","02:30","+4","26.000000"
"14","03:30","+1","25.299999"
"14","03:30","+2","25.700001"
"14","03:30","+3","26.000000"
"14","04:30","+1","25.799999"
"14","04:30","+2","26.000000"
"14","05:30","+1","26.000000"
"14","05:30","+2","25.700001"
"14","05:30","+3","25.299999"
"14","05:30","+4","25.000000"
"14","06:30","+1","25.700001"
"14","06:30","+2","25.400000"
"14","06:30","+3","25.000000"
"14","07:30","+1","25.500000"
"14","07:30","+2","25.000000"
"14","08:30","+1","25.000000"
"14","08:30","+2","24.299999"
"14","08:30","+3","23.700001"
"14","08:30","+4","23.000000"
"14","09:30","+1","24.700001"
"14","09:30","+2","23.900000"
"14","09:30","+3","23.000000"
"14","10:30","+1","23.900000"
"14","10:30","+2","23.000000"
"14","11:30","+1","23.000000"
"14","11:30","+2","22.299999"
"14","11:30","+3","21.700001"
"14","11:30","+4","21.000000"
"14","12:30","+1","23.299999"
"14","12:30","+2","22.200001"
"14","12:30","+3","21.000000"
"14","13:30","+1","21.799999"
"14","13:30","+2","21.000000"
"14","14:30","+1","21.000000"
"14","14:30","+2","21.000000"
"14","14:30","+3","21.000000"
"14","14:30","+4","21.000000"
"14","15:30","+1","20.900000"
"14","15:30","+2","21.000000"
"14","15:30","+3","21.000000"
"14","16:30","+1","21.100000"
"14","16:30","+2","21.000000"
"14","17:30","+1","21.000000"
"14","17:30","+2","21.000000"
"14","17:30","+3","21.000000"
"14","17:30","+4","21.000000"
"14","18:30","+1","21.200001"
"14","18:30","+2","21.100000"
"14","18:30","+3","21.000000"
"14","19:30","+1","21.100000"
"14","19:30","+2","21.000000"
"14","20:30","+1","21.000000"
"14","20:30","+2","21.700001"
"14","20:30","+3","22.299999"
"14","20:30","+4","23.000000"
"14","21:30","+1","21.000000"
"14","21:30","+2","21.500000"
"14","21:30","+3","22.000000"
"14","22:30","+1","21.400000"
"14","22:30","+2","22.000000"
"14","23:30","+1","22.000000"
"14","23:30","+2","22.700001"
"14","23:30","+3","23.299999"
"14","23:30","+4","24.000000"
"15","00:30","+1","23.000000"
"15","00:30","+2","23.500000"
"15","00:30","+3","24.000000"
"15","01:30","+1","23.799999"
"15","01:30","+2","24.000000"
"15","02:30","+1","24.000000"
"15","02:30","+2","25.000000"
"15","02:30","+3","26.000000"
"15","02:30","+4","27.000000"
"15","03:30","+1","25.000000"
"15","03:30","+2","26.000000"
"15","03:30","+3","27.000000"
"15","04:30","+1","25.799999"
"15","04:30","+2","27.000000"
"15","05:30","+1","27.000000"
"15","05:30","+2","26.299999"
"15","05:30","+3","25.700001"
"15","05:30","+4","25.000000"
"15","06:30","+1","25.200001"
"15","06:30","+2","25.100000"
"15","06:30","+3","25.000000"
"15","07:30","+1","24.799999"
"15","07:30","+2","25.000000"
"15","08:30","+1","25.000000"
"15","08:30","+2","24.299999"
"15","08:30","+3","23.700001"
"15","08:30","+4","23.000000"
"15","09:30","+1","22.500000"
"15","09:30","+2","22.200001"
"15","09:30","+3","22.000000"
"15","10:30","+1","22.299999"
"15","10:30","+2","22.000000"
"15","11:30","+1","22.000000"
"15","11:30","+2","22.000000"
"15","11:30","+3","22.000000"
"15","11:30","+4","22.000000"
"15","12:30","+1","22.200001"
"15","12:30","+2","22.100000"
"15","12:30","+3","22.000000"
"15","13:30","+1","22.200001"
"15","13:30","+2","22.000000"
"15","14:30","+1","22.000000"
"15","14:30","+2","21.700001"
"15","14:30","+3","21.299999"
"15","14:30","+4","21.000000"
"15","15:30","+1","22.100000"
"15","15:30","+2","21.600000"
"15","15:30","+3","21.000000"
"15","16:30","+1","21.700001"
"15","16:30","+2","21.000000"
"15","17:30","+1","21.000000"
"15","17:30","+2","21.000000"
"15","17:30","+3","21.000000"
"15","17:30","+4","21.000000"
"15","18:30","+1","21.400000"
"15","18:30","+2","21.200001"
"15","18:30","+3","21.000000"
"15","19:30","+1","21.299999"
"15","19:30","+2","21.000000"
"15","20:30","+1","21.000000"
"15","20:30","+2","21.000000"
"15","20:30","+3","21.000000"
"15","20:30","+4","21.000000"
"15","21:30","+1","22.700001"
"15","21:30","+2","22.900000"
"15","21:30","+3","23.000000"
"15","22:30","+1","22.600000"
"15","22:30","+2","23.000000"
"15","23:30","+1","23.000000"
"15","23:30","+2","23.000000"
"15","23:30","+3","23.000000"
"15","23:30","+4","23.000000"
"16","00:30","+1","23.000000"
"16","00:30","+2","23.000000"
"16","00:30","+3","23.000000"
"16","01:30","+1","23.200001"
"16","01:30","+2","23.000000"
"16","02:30","+1","23.000000"
"16","02:30","+2","23.700001"
"16","02:30","+3","24.299999"
"16","02:30","+4","25.000000"
"16","03:30","+1","24.100000"
"16","03:30","+2","24.500000"
"16","03:30","+3","25.000000"
"16","04:30","+1","24.299999"
"16","04:30","+2","25.000000"
"16","05:30","+1","25.000000"
"16","05:30","+2","24.299999"
"16","05:30","+3","23.700001"
"16","05:30","+4","23.000000"
"16","06:30","+1","23.600000"
"16","06:30","+2","23.299999"
"16","06:30","+3","23.000000"
"16","07:30","+1","23.200001"
"16","07:30","+2","23.000000"
"16","08:30","+1","23.000000"
"16","08:30","+2","22.299999"
"16","08:30","+3","21.700001"
"16","08:30","+4","21.000000"
"16","09:30","+1","21.299999"
"16","09:30","+2","21.200001"
"16","09:30","+3","21.000000"
"16","10:30","+1","21.100000"
"16","10:30","+2","21.000000"
"16","11:30","+1","21.000000"
"16","11:30","+2","20.700001"
"16","11:30","+3","20.299999"
"16","11:30","+4","20.000000"
"16","12:30","+1","20.700001"
"16","12:30","+2","20.299999"
"16","12:30","+3","20.000000"
"16","13:30","+1","20.500000"
"16","13:30","+2","20.000000"
"16","14:30","+1","20.000000"
"16","14:30","+2","20.000000"
"16","14:30","+3","20.000000"
"16","14:30","+4","20.000000"
"16","15:30","+1","20.100000"
"16","15:30","+2","20.100000"
"16","15:30","+3","20.000000"
"16","16:30","+1","20.000000"
"16","16:30","+2","20.000000"
"16","17:30","+1","20.000000"
"16","17:30","+2","19.700001"
"16","17:30","+3","19.299999"
"16","17:30","+4","19.000000"
"16","18:30","+1","19.900000"
"16","18:30","+2","19.500000"
"16","18:30","+3","19.000000"
"16","19:30","+1","19.500000"
"16","19:30","+2","19.000000"
"16","20:30","+1","19.000000"
"16","20:30","+2","19.700001"
"16","20:30","+3","20.299999"
"16","20:30","+4","21.000000"
"16","21:30","+1","19.900000"
"16","21:30","+2","20.500000"
"16","21:30","+3","21.000000"
"16","22:30","+1","20.000000"
"16","22:30","+2","21.000000"
"16","23:30","+1","21.000000"
"16","23:30","+2","22.000000"
"16","23:30","+3","23.000000"
"16","23:30","+4","24.000000"
"17","00:30","+1","21.799999"
"17","00:30","+2","22.900000"
"17","00:30","+3","24.000000"
"17","01:30","+1","22.799999"
"17","01:30","+2","24.000000"
"17","02:30","+1","24.000000"
"17","02:30","+2","25.000000"
"17","02:30","+3","26.000000"
"17","02:30","+4","27.000000"
"17","03:30","+1","25.000000"
"17","03:30","+2","26.000000"
"17","03:30","+3","27.000000"
"17","04:30","+1","26.100000"
"17","04:30","+2","27.000000"
"17","05:30","+1","27.000000"
"17","05:30","+2","26.299999"
"17","05:30","+3","25.700001"
"17","05:30","+4","25.000000"
"17","06:30","+1","26.600000"
"17","06:30","+2","26.299999"
"17","06:30","+3","26.000000"
"17","07:30","+1","26.700001"
"17","07:30","+2","26.000000"
"17","08:30","+1","26.000000"
"17","08:30","+2","24.700001"
"17","08:30","+3","23.299999"
"17","08:30","+4","22.000000"
"17","09:30","+1","24.400000"
"17","09:30","+2","23.200001"
"17","09:30","+3","22.000000"
"17","10:30","+1","22.799999"
"17","10:30","+2","22.000000"
"17","11:30","+1","22.000000"
"17","11:30","+2","21.700001"
"17","11:30","+3","21.299999"
"17","11:30","+4","21.000000"
"17","12:30","+1","21.000000"
"17","12:30","+2","21.000000"
"17","12:30","+3","21.000000"
"17","13:30","+1","20.900000"
"17","13:30","+2","21.000000"
"17","14:30","+1","21.000000"
"17","14:30","+2","20.299999"
"17","14:30","+3","19.700001"
"17","14:30","+4","19.000000"
"17","15:30","+1","19.799999"
"17","15:30","+2","19.400000"
"17","15:30","+3","19.000000"
"17","16:30","+1","19.400000"
"17","16:30","+2","19.000000"
"17","17:30","+1","19.000000"
"17","17:30","+2","18.700001"
"17","17:30","+3","18.299999"
"17","17:30","+4","18.000000"
"17","18:30","+1","18.400000"
"17","18:30","+2","18.200001"
"17","18:30","+3","18.000000"
"17","19:30","+1","18.100000"
"17","19:30","+2","18.000000"
"17","20:30","+1","18.000000"
"17","20:30","+2","18.700001"
"17","20:30","+3","19.299999"
"17","20:30","+4","20.000000"
"17","21:30","+1","18.500000"
"17","21:30","+2","19.799999"
"17","21:30","+3","21.000000"
"17","22:30","+1","19.400000"
"17","22:30","+2","21.000000"
"17","23:30","+1","21.000000"
"17","23:30","+2","22.299999"
"17","23:30","+3","23.700001"
"17","23:30","+4","25.000000"
"18","00:30","+1","22.200001"
"18","00:30","+2","23.600000"
"18","00:30","+3","25.000000"
"18","01:30","+1","23.600000"
"18","01:30","+2","25.000000"
"18","02:30","+1","25.000000"
"18","02:30","+2","25.700001"
"18","02:30","+3","26.299999"
"18","02:30","+4","27.000000"
"18","03:30","+1","25.100000"
"18","03:30","+2","26.000000"
"18","03:30","+3","27.000000"
"18","04:30","+1","26.200001"
"18","04:30","+2","27.000000"
"18","05:30","+1","27.000000"
"18","05:30","+2","26.299999"
"18","05:30","+3","25.700001"
"18","05:30","+4","25.000000"
"18","06:30","+1","25.600000"
"18","06:30","+2","25.299999"
"18","06:30","+3","25.000000"
"18","07:30","+1","25.500000"
"18","07:30","+2","25.000000"
"18","08:30","+1","25.000000"
"18","08:30","+2","24.000000"
"18","08:30","+3","23.000000"
"18","08:30","+4","22.000000"
"18","09:30","+1","23.000000"
"18","09:30","+2","22.000000"
"18","09:30","+3","21.000000"
"18","10:30","+1","21.799999"
"18","10:30","+2","21.000000"
"18","11:30","+1","21.000000"
"18","11:30","+2","20.700001"
"18","11:30","+3","20.299999"
"18","11:30","+4","20.000000"
"18","12:30","+1","20.799999"
"18","12:30","+2","20.400000"
"18","12:30","+3","20.000000"
"18","13:30","+1","20.400000"
"18","13:30","+2","20.000000"
"18","14:30","+1","20.000000"
"18","14:30","+2","19.700001"
"18","14:30","+3","19.299999"
"18","14:30","+4","19.000000"
"18","15:30","+1","19.799999"
"18","15:30","+2","19.400000"
"18","15:30","+3","19.000000"
"18","16:30","+1","19.299999"
"18","16:30","+2","19.000000"
"18","17:30","+1","19.000000"
"18","17:30","+2","18.700001"
"18","17:30","+3","18.299999"
"18","17:30","+4","18.000000"
"18","18:30","+1","18.600000"
"18","18:30","+2","18.299999"
"18","18:30","+3","18.000000"
"18","19:30","+1","18.400000"
"18","19:30","+2","18.000000"
"18","20:30","+1","18.000000"
"18","20:30","+2","18.299999"
"18","20:30","+3","18.700001"
"18","20:30","+4","19.000000"
"18","21:30","+1","19.600000"
"18","21:30","+2","20.299999"
"18","21:30","+3","21.000000"
"18","22:30","+1","20.000000"
"18","22:30","+2","21.000000"
"18","23:30","+1","21.000000"
"18","23:30","+2","21.700001"
"18","23:30","+3","22.299999"
"18","23:30","+4","23.000000"
"19","00:30","+1","21.700001"
"19","00:30","+2","22.299999"
"19","00:30","+3","23.000000"
"19","01:30","+1","22.600000"
"19","01:30","+2","23.000000"
"19","02:30","+1","23.000000"
"19","02:30","+2","23.299999"
"19","02:30","+3","23.700001"
"19","02:30","+4","24.000000"
"19","03:30","+1","23.700001"
"19","03:30","+2","23.900000"
"19","03:30","+3","24.000000"
"19","04:30","+1","24.500000"
"19","04:30","+2","24.000000"
"19","05:30","+1","24.000000"
"19","05:30","+2","23.700001"
"19","05:30","+3","23.299999"
"19","05:30","+4","23.000000"
"19","06:30","+1","24.700001"
"19","06:30","+2","23.799999"
"19","06:30","+3","23.000000"
"19","07:30","+1","24.200001"
"19","07:30","+2","23.000000"
"19","08:30","+1","23.000000"
"19","08:30","+2","22.000000"
"19","08:30","+3","21.000000"
"19","08:30","+4","20.000000"
"19","09:30","+1","22.700001"
"19","09:30","+2","21.799999"
"19","09:30","+3","21.000000"
"19","10:30","+1","21.700001"
"19","10:30","+2","21.000000"
"19","11:30","+1","21.000000"
"19","11:30","+2","20.700001"
"19","11:30","+3","20.299999"
"19","11:30","+4","20.000000"
"19","12:30","+1","20.100000"
"19","12:30","+2","20.100000"
"19","12:30","+3","20.000000"
"19","13:30","+1","19.700001"
"19","13:30","+2","20.000000"
"19","14:30","+1","20.000000"
"19","14:30","+2","20.000000"
"19","14:30","+3","20.000000"
"19","14:30","+4","20.000000"
"19","15:30","+1","19.200001"
"19","15:30","+2","19.600000"
"19","15:30","+3","20.000000"
"19","16:30","+1","19.500000"
"19","16:30","+2","20.000000"
"19","17:30","+1","20.000000"
"19","17:30","+2","19.700001"
"19","17:30","+3","19.299999"
"19","17:30","+4","19.000000"
"19","18:30","+1","19.100000"
"19","18:30","+2","19.100000"
"19","18:30","+3","19.000000"
"19","19:30","+1","18.900000"
"19","19:30","+2","19.000000"
"19","20:30","+1","19.000000"
"19","20:30","+2","19.299999"
"19","20:30","+3","19.700001"
"19","20:30","+4","20.000000"
"19","21:30","+1","18.500000"
"19","21:30","+2","18.700001"
"19","21:30","+3","19.000000"
"19","22:30","+1","18.100000"
"19","22:30","+2","19.000000"
"19","23:30","+1","19.000000"
"19","23:30","+2","19.299999"
"19","23:30","+3","19.700001"
"19","23:30","+4","20.000000"
"20","00:30","+1","18.100000"
"20","00:30","+2","19.100000"
"20","00:30","+3","20.000000"
"20","01:30","+1","18.700001"
"20","01:30","+2","20.000000"
"20","02:30","+1","20.000000"
"20","02:30","+2","20.299999"
"20","02:30","+3","20.700001"
"20","02:30","+4","21.000000"
"20","03:30","+1","18.799999"
"20","03:30","+2","19.400000"
"20","03:30","+3","20.000000"
"20","04:30","+1","19.100000"
"20","04:30","+2","20.000000"
"20","05:30","+1","20.000000"
"20","05:30","+2","19.700001"
"20","05:30","+3","19.299999"
"20","05:30","+4","19.000000"
"20","06:30","+1","18.900000"
"20","06:30","+2","19.000000"
"20","06:30","+3","19.000000"
"20","07:30","+1","18.799999"
"20","07:30","+2","19.000000"
"20","08:30","+1","19.000000"
"20","08:30","+2","19.299999"
"20","08:30","+3","19.700001"
"20","08:30","+4","20.000000"
"20","09:30","+1","17.799999"
"20","09:30","+2","18.400000"
"20","09:30","+3","19.000000"
"20","10:30","+1","18.100000"
"20","10:30","+2","19.000000"
"20","11:30","+1","19.000000"
"20","11:30","+2","19.000000"
"20","11:30","+3","19.000000"
"20","11:30","+4","19.000000"
"20","12:30","+1","17.700001"
"20","12:30","+2","18.299999"
"20","12:30","+3","19.000000"
"20","13:30","+1","18.000000"
"20","13:30","+2","19.000000"
"20","14:30","+1","19.000000"
"20","14:30","+2","19.000000"
"20","14:30","+3","19.000000"
"20","14:30","+4","19.000000"
"20","15:30","+1","18.299999"
"20","15:30","+2","18.700001"
"20","15:30","+3","19.000000"
"20","16:30","+1","18.600000"
"20","16:30","+2","19.000000"
"20","17:30","+1","19.000000"
"20","17:30","+2","19.000000"
"20","17:30","+3","19.000000"
"20","17:30","+4","19.000000"
"20","18:30","+1","18.000000"
"20","18:30","+2","18.500000"
"20","18:30","+3","19.000000"
"20","19:30","+1","18.000000"
"20","19:30","+2","19.000000"
"20","20:30","+1","19.000000"
"20","20:30","+2","18.700001"
"20","20:30","+3","18.299999"
"20","20:30","+4","18.000000"
"20","21:30","+1","17.400000"
"20","21:30","+2","18.200001"
"20","21:30","+3","19.000000"
"20","22:30","+1","17.900000"
"20","22:30","+2","19.000000"
"20","23:30","+1","19.000000"
"20","23:30","+2","19.299999"
"20","23:30","+3","19.700001"
"20","23:30","+4","20.000000"
"21","00:30","+1","18.500000"
"21","00:30","+2","19.200001"
"21","00:30","+3","20.000000"
"21","01:30","+1","18.900000"
"21","01:30","+2","20.000000"
"21","02:30","+1","20.000000"
"21","02:30","+2","21.000000"
"21","02:30","+3","22.000000"
"21","02:30","+4","23.000000"
"21","03:30","+1","20.100000"
"21","03:30","+2","21.500000"
"21","03:30","+3","23.000000"
"21","04:30","+1","21.200001"
"21","04:30","+2","23.000000"
"21","05:30","+1","23.000000"
"21","05:30","+2","22.700001"
"21","05:30","+3","22.299999"
"21","05:30","+4","22.000000"
"21","06:30","+1","21.500000"
"21","06:30","+2","21.799999"
"21","06:30","+3","22.000000"
"21","07:30","+1","21.400000"
"21","07:30","+2","22.000000"
"21","08:30","+1","22.000000"
"21","08:30","+2","21.700001"
"21","08:30","+3","21.299999"
"21","08:30","+4","21.000000"
"21","09:30","+1","19.900000"
"21","09:30","+2","19.900000"
"21","09:30","+3","20.000000"
"21","10:30","+1","19.500000"
"21","10:30","+2","20.000000"
"21","11:30","+1","20.000000"
"21","11:30","+2","19.700001"
"21","11:30","+3","19.299999"
"21","11:30","+4","19.000000"
"21","12:30","+1","18.900000"
"21","12:30","+2","19.000000"
"21","12:30","+3","19.000000"
"21","13:30","+1","18.799999"
"21","13:30","+2","19.000000"
"21","14:30","+1","19.000000"
"21","14:30","+2","18.700001"
"21","14:30","+3","18.299999"
"21","14:30","+4","18.000000"
"21","15:30","+1","18.100000"
"21","15:30","+2","18.000000"
"21","15:30","+3","18.000000"
"21","16:30","+1","18.000000"
"21","16:30","+2","18.000000"
"21","17:30","+1","18.000000"
"21","17:30","+2","18.000000"
"21","17:30","+3","18.000000"
"21","17:30","+4","18.000000"
"21","18:30","+1","17.500000"
"21","18:30","+2","17.799999"
"21","18:30","+3","18.000000"
"21","19:30","+1","17.900000"
"21","19:30","+2","18.000000"
"21","20:30","+1","18.000000"
"21","20:30","+2","18.700001"
"21","20:30","+3","19.299999"
"21","20:30","+4","20.000000"
"21","21:30","+1","18.900000"
"21","21:30","+2","19.900000"
"21","21:30","+3","21.000000"
"21","22:30","+1","19.299999"
"21","22:30","+2","21.000000"
"21","23:30","+1","21.000000"
"21","23:30","+2","22.000000"
"21","23:30","+3","23.000000"
"21","23:30","+4","24.000000"
"22","00:30","+1","21.200001"
"22","00:30","+2","22.600000"
"22","00:30","+3","24.000000"
"22","01:30","+1","22.900000"
"22","01:30","+2","24.000000"
"22","02:30","+1","24.000000"
"22","02:30","+2","24.000000"
"22","02:30","+3","24.000000"
"22","02:30","+4","24.000000"
"22","03:30","+1","24.100000"
"22","03:30","+2","24.000000"
"22","03:30","+3","24.000000"
"22","04:30","+1","24.299999"
"22","04:30","+2","24.000000"
"22","05:30","+1","24.000000"
"22","05:30","+2","23.700001"
"22","05:30","+3","23.299999"
"22","05:30","+4","23.000000"
"22","06:30","+1","24.000000"
"22","06:30","+2","23.500000"
"22","06:30","+3","23.000000"
"22","07:30","+1","23.700001"
"22","07:30","+2","23.000000"
"22","08:30","+1","23.000000"
"22","08:30","+2","22.000000"
"22","08:30","+3","21.000000"
"22","08:30","+4","20.000000"
"22","09:30","+1","21.799999"
"22","09:30","+2","20.900000"
"22","09:30","+3","20.000000"
"22","10:30","+1","20.500000"
"22","10:30","+2","20.000000"
"22","11:30","+1","20.000000"
"22","11:30","+2","19.700001"
"22","11:30","+3","19.299999"
"22","11:30","+4","19.000000"
"22","12:30","+1","19.000000"
"22","12:30","+2","19.000000"
"22","12:30","+3","19.000000"
"22","13:30","+1","18.799999"
"22","13:30","+2","19.000000"
"22","14:30","+1","19.000000"
"22","14:30","+2","18.299999"
"22","14:30","+3","17.700001"
"22","14:30","+4","17.000000"
"22","15:30","+1","17.400000"
"22","15:30","+2","17.200001"
"22","15:30","+3","17.000000"
"22","16:30","+1","16.900000"
"22","16:30","+2","17.000000"
"22","17:30","+1","17.000000"
"22","17:30","+2","17.000000"
"22","17:30","+3","17.000000"
"22","17:30","+4","17.000000"
"22","18:30","+1","16.299999"
"22","18:30","+2","16.600000"
"22","18:30","+3","17.000000"
"22","19:30","+1","16.700001"
"22","19:30","+2","17.000000"
"22","20:30","+1","17.000000"
"22","20:30","+2","17.299999"
"22","20:30","+3","17.700001"
"22","20:30","+4","18.000000"
"22","21:30","+1","16.400000"
"22","21:30","+2","16.700001"
"22","21:30","+3","17.000000"
"22","22:30","+1","16.500000"
"22","22:30","+2","17.000000"
"22","23:30","+1","17.000000"
"22","23:30","+2","18.700001"
"22","23:30","+3","20.299999"
"22","23:30","+4","22.000000"
"23","00:30","+1","19.299999"
"23","00:30","+2","20.600000"
"23","00:30","+3","22.000000"
"23","01:30","+1","20.500000"
"23","01:30","+2","22.000000"
"23","02:30","+1","22.000000"
"23","02:30","+2","21.700001"
"23","02:30","+3","21.299999"
"23","02:30","+4","21.000000"
"23","03:30","+1","21.200001"
"23","03:30","+2","21.100000"
"23","03:30","+3","21.000000"
"23","04:30","+1","21.799999"
"23","04:30","+2","21.000000"
"23","05:30","+1","21.000000"
"23","05:30","+2","21.000000"
"23","05:30","+3","21.000000"
"23","05:30","+4","21.000000"
"23","06:30","+1","22.600000"
"23","06:30","+2","21.799999"
"23","06:30","+3","21.000000"
"23","07:30","+1","22.200001"
"23","07:30","+2","21.000000"
"23","08:30","+1","21.000000"
"23","08:30","+2","20.299999"
"23","08:30","+3","19.700001"
"23","08:30","+4","19.000000"
"23","09:30","+1","20.900000"
"23","09:30","+2","19.900000"
"23","09:30","+3","19.000000"
"23","10:30","+1","19.900000"
"23","10:30","+2","19.000000"
"23","11:30","+1","19.000000"
"23","11:30","+2","18.000000"
"23","11:30","+3","17.000000"
"23","11:30","+4","16.000000"
"23","12:30","+1","18.400000"
"23","12:30","+2","17.200001"
"23","12:30","+3","16.000000"
"23","13:30","+1","17.299999"
"23","13:30","+2","16.000000"
"23","14:30","+1","16.000000"
"23","14:30","+2","16.000000"
"23","14:30","+3","16.000000"
"23","14:30","+4","16.000000"
"23","15:30","+1","16.500000"
"23","15:30","+2","16.299999"
"23","15:30","+3","16.000000"
"23","16:30","+1","16.200001"
"23","16:30","+2","16.000000"
"23","17:30","+1","16.000000"
"23","17:30","+2","15.300000"
"23","17:30","+3","14.700000"
"23","17:30","+4","14.000000"
"23","18:30","+1","15.200000"
"23","18:30","+2","14.600000"
"23","18:30","+3","14.000000"
"23","19:30","+1","14.600000"
"23","19:30","+2","14.000000"
"23","20:30","+1","14.000000"
"23","20:30","+2","15.000000"
"23","20:30","+3","16.000000"
"23","20:30","+4","17.000000"
"23","21:30","+1","15.200000"
"23","21:30","+2","16.100000"
"23","21:30","+3","17.000000"
"23","22:30","+1","15.600000"
"23","22:30","+2","17.000000"
"23","23:30","+1","17.000000"
"23","23:30","+2","18.000000"
"23","23:30","+3","19.000000"
"23","23:30","+4","20.000000"
"24","00:30","+1","18.500000"
"24","00:30","+2","19.200001"
"24","00:30","+3","20.000000"
"24","01:30","+1","19.400000"
"24","01:30","+2","20.000000"
"24","02:30","+1","20.000000"
"24","02:30","+2","20.700001"
"24","02:30","+3","21.299999"
"24","02:30","+4","22.000000"
"24","03:30","+1","21.000000"
"24","03:30","+2","21.500000"
"24","03:30","+3","22.000000"
"24","04:30","+1","21.500000"
"24","04:30","+2","22.000000"
"24","05:30","+1","22.000000"
"24","05:30","+2","21.299999"
"24","05:30","+3","20.700001"
"24","05:30","+4","20.000000"
"24","06:30","+1","21.400000"
"24","06:30","+2","20.700001"
"24","06:30","+3","20.000000"
"24","07:30","+1","21.100000"
"24","07:30","+2","20.000000"
"24","08:30","+1","20.000000"
"24","08:30","+2","19.299999"
"24","08:30","+3","18.700001"
"24","08:30","+4","18.000000"
"24","09:30","+1","18.700001"
"24","09:30","+2","17.799999"
"24","09:30","+3","17.000000"
"24","10:30","+1","17.700001"
"24","10:30","+2","17.000000"
"24","11:30","+1","17.000000"
"24","11:30","+2","16.299999"
"24","11:30","+3","15.700000"
"24","11:30","+4","15.000000"
"24","12:30","+1","16.400000"
"24","12:30","+2","15.700000"
"24","12:30","+3","15.000000"
"24","13:30","+1","15.800000"
"24","13:30","+2","15.000000"
"24","14:30","+1","15.000000"
"24","14:30","+2","14.300000"
"24","14:30","+3","13.700000"
"24","14:30","+4","13.000000"
"24","15:30","+1","14.500000"
"24","15:30","+2","13.700000"
"24","15:30","+3","13.000000"
"24","16:30","+1","13.600000"
"24","16:30","+2","13.000000"
"24","17:30","+1","13.000000"
"24","17:30","+2","12.700000"
"24","17:30","+3","12.300000"
"24","17:30","+4","12.000000"
"24","18:30","+1","12.300000"
"24","18:30","+2","12.200000"
"24","18:30","+3","12.000000"
"24","19:30","+1","12.100000"
"24","19:30","+2","12.000000"
"24","20:30","+1","12.000000"
"24","20:30","+2","13.300000"
"24","20:30","+3","14.700000"
"24","20:30","+4","16.000000"
"24","21:30","+1","12.900000"
"24","21:30","+2","14.500000"
"24","21:30","+3","16.000000"
"24","22:30","+1","13.800000"
"24","22:30","+2","16.000000"
"24","23:30","+1","16.000000"
"24","23:30","+2","17.700001"
"24","23:30","+3","19.299999"
"24","23:30","+4","21.000000"
"25","00:30","+1","17.400000"
"25","00:30","+2","19.200001"
"25","00:30","+3","21.000000"
"25","01:30","+1","19.299999"
"25","01:30","+2","21.000000"
"25","02:30","+1","21.000000"
"25","02:30","+2","22.000000"
"25","02:30","+3","23.000000"
"25","02:30","+4","24.000000"
"25","03:30","+1","22.000000"
"25","03:30","+2","23.000000"
"25","03:30","+3","24.000000"
"25","04:30","+1","23.000000"
"25","04:30","+2","24.000000"
"25","05:30","+1","24.000000"
"25","05:30","+2","23.000000"
"25","05:30","+3","22.000000"
"25","05:30","+4","21.000000"
"25","06:30","+1","22.900000"
"25","06:30","+2","21.900000"
"25","06:30","+3","21.000000"
"25","07:30","+1","22.200001"
"25","07:30","+2","21.000000"
"25","08:30","+1","21.000000"
"25","08:30","+2","20.000000"
"25","08:30","+3","19.000000"
"25","08:30","+4","18.000000"
"25","09:30","+1","20.799999"
"25","09:30","+2","19.900000"
"25","09:30","+3","19.000000"
"25","10:30","+1","19.799999"
"25","10:30","+2","19.000000"
"25","11:30","+1","19.000000"
"25","11:30","+2","18.299999"
"25","11:30","+3","17.700001"
"25","11:30","+4","17.000000"
"25","12:30","+1","18.400000"
"25","12:30","+2","17.700001"
"25","12:30","+3","17.000000"
"25","13:30","+1","17.799999"
"25","13:30","+2","17.000000"
"25","14:30","+1","17.000000"
"25","14:30","+2","16.700001"
"25","14:30","+3","16.299999"
"25","14:30","+4","16.000000"
"25","15:30","+1","17.000000"
"25","15:30","+2","16.500000"
"25","15:30","+3","16.000000"
"25","16:30","+1","16.500000"
"25","16:30","+2","16.000000"
"25","17:30","+1","16.000000"
"25","17:30","+2","15.700000"
"25","17:30","+3","15.300000"
"25","17:30","+4","15.000000"
"25","18:30","+1","16.200001"
"25","18:30","+2","15.600000"
"25","18:30","+3","15.000000"
"25","19:30","+1","15.800000"
"25","19:30","+2","15.000000"
"25","20:30","+1","15.000000"
"25","20:30","+2","16.000000"
"25","20:30","+3","17.000000"
"25","20:30","+4","18.000000"
"25","21:30","+1","16.700001"
"25","21:30","+2","16.900000"
"25","21:30","+3","17.000000"
"25","22:30","+1","16.700001"
"25","22:30","+2","17.000000"
"25","23:30","+1","17.000000"
"25","23:30","+2","18.700001"
"25","23:30","+3","20.299999"
"25","23:30","+4","22.000000"
"26","00:30","+1","18.700001"
"26","00:30","+2","20.400000"
"26","00:30","+3","22.000000"
"26","01:30","+1","20.500000"
"26","01:30","+2","22.000000"
"26","02:30","+1","22.000000"
"26","02:30","+2","22.299999"
"26","02:30","+3","22.700001"
"26","02:30","+4","23.000000"
"26","03:30","+1","22.400000"
"26","03:30","+2","22.700001"
"26","03:30","+3","23.000000"
"26","04:30","+1","22.900000"
"26","04:30","+2","23.000000"
"26","05:30","+1","23.000000"
"26","05:30","+2","22.299999"
"26","05:30","+3","21.700001"
"26","05:30","+4","21.000000"
"26","06:30","+1","22.700001"
"26","06:30","+2","21.799999"
"26","06:30","+3","21.000000"
"26","07:30","+1","22.200001"
"26","07:30","+2","21.000000"
"26","08:30","+1","21.000000"
"26","08:30","+2","20.299999"
"26","08:30","+3","19.700001"
"26","08:30","+4","19.000000"
"26","09:30","+1","21.200001"
"26","09:30","+2","20.100000"
"26","09:30","+3","19.000000"
"26","10:30","+1","20.000000"
"26","10:30","+2","19.000000"
"26","11:30","+1","19.000000"
"26","11:30","+2","18.000000"
"26","11:30","+3","17.000000"
"26","11:30","+4","16.000000"
"26","12:30","+1","18.200001"
"26","12:30","+2","17.100000"
"26","12:30","+3","16.000000"
"26","13:30","+1","17.299999"
"26","13:30","+2","16.000000"
"26","14:30","+1","16.000000"
"26","14:30","+2","15.700000"
"26","14:30","+3","15.300000"
"26","14:30","+4","15.000000"
"26","15:30","+1","16.100000"
"26","15:30","+2","15.500000"
"26","15:30","+3","15.000000"
"26","16:30","+1","15.600000"
"26","16:30","+2","15.000000"
"26","17:30","+1","15.000000"
"26","17:30","+2","14.700000"
"26","17:30","+3","14.300000"
"26","17:30","+4","14.000000"
"26","18:30","+1","15.000000"
"26","18:30","+2","14.500000"
"26","18:30","+3","14.000000"
"26","19:30","+1","14.400000"
"26","19:30","+2","14.000000"
"26","20:30","+1","14.000000"
"26","20:30","+2","15.000000"
"26","20:30","+3","16.000000"
"26","20:30","+4","17.000000"
"26","21:30","+1","15.000000"
"26","21:30","+2","16.000000"
"26","21:30","+3","17.000000"
"26","22:30","+1","15.400000"
"26","22:30","+2","17.000000"
"26","23:30","+1","17.000000"
"26","23:30","+2","18.700001"
"26","23:30","+3","20.299999"
"26","23:30","+4","22.000000"
"27","00:30","+1","18.799999"
"27","00:30","+2","20.400000"
"27","00:30","+3","22.000000"
"27","01:30","+1","20.600000"
"27","01:30","+2","22.000000"
"27","02:30","+1","22.000000"
"27","02:30","+2","22.700001"
"27","02:30","+3","23.299999"
"27","02:30","+4","24.000000"
"27","03:30","+1","22.900000"
"27","03:30","+2","23.500000"
"27","03:30","+3","24.000000"
"27","04:30","+1","23.500000"
"27","04:30","+2","24.000000"
"27","05:30","+1","24.000000"
"27","05:30","+2","23.000000"
"27","05:30","+3","22.000000"
"27","05:30","+4","21.000000"
"27","06:30","+1","23.100000"
"27","06:30","+2","22.100000"
"27","06:30","+3","21.000000"
"27","07:30","+1","22.500000"
"27","07:30","+2","21.000000"
"27","08:30","+1","21.000000"
"27","08:30","+2","20.000000"
"27","08:30","+3","19.000000"
"27","08:30","+4","18.000000"
"27","09:30","+1","20.900000"
"27","09:30","+2","20.000000"
"27","09:30","+3","19.000000"
"27","10:30","+1","19.799999"
"27","10:30","+2","19.000000"
"27","11:30","+1","19.000000"
"27","11:30","+2","18.299999"
"27","11:30","+3","17.700001"
"27","11:30","+4","17.000000"
"27","12:30","+1","18.600000"
"27","12:30","+2","17.799999"
"27","12:30","+3","17.000000"
"27","13:30","+1","17.900000"
"27","13:30","+2","17.000000"
"27","14:30","+1","17.000000"
"27","14:30","+2","16.299999"
"27","14:30","+3","15.700000"
"27","14:30","+4","15.000000"
"27","15:30","+1","16.600000"
"27","15:30","+2","15.800000"
"27","15:30","+3","15.000000"
"27","16:30","+1","15.900000"
"27","16:30","+2","15.000000"
"27","17:30","+1","15.000000"
"27","17:30","+2","15.000000"
"27","17:30","+3","15.000000"
"27","17:30","+4","15.000000"
"27","18:30","+1","15.200000"
"27","18:30","+2","15.100000"
"27","18:30","+3","15.000000"
"27","19:30","+1","15.000000"
"27","19:30","+2","15.000000"
"27","20:30","+1","15.000000"
"27","20:30","+2","15.700000"
"27","20:30","+3","16.299999"
"27","20:30","+4","17.000000"
"27","21:30","+1","14.400000"
"27","21:30","+2","15.200000"
"27","21:30","+3","16.000000"
"27","22:30","+1","14.900000"
"27","22:30","+2","16.000000"
"27","23:30","+1","16.000000"
"27","23:30","+2","17.000000"
"27","23:30","+3","18.000000"
"27","23:30","+4","19.000000"
"28","00:30","+1","17.299999"
"28","00:30","+2","18.200001"
"28","00:30","+3","19.000000"
"28","01:30","+1","17.900000"
"28","01:30","+2","19.000000"
"28","02:30","+1","19.000000"
"28","02:30","+2","20.000000"
"28","02:30","+3","21.000000"
"28","02:30","+4","22.000000"
"28","03:30","+1","19.299999"
"28","03:30","+2","20.700001"
"28","03:30","+3","22.000000"
"28","04:30","+1","20.400000"
"28","04:30","+2","22.000000"
"28","05:30","+1","22.000000"
"28","05:30","+2","21.299999"
"28","05:30","+3","20.700001"
"28","05:30","+4","20.000000"
"28","06:30","+1","20.500000"
"28","06:30","+2","20.200001"
"28","06:30","+3","20.000000"
"28","07:30","+1","20.799999"
"28","07:30","+2","20.000000"
"28","08:30","+1","20.000000"
"28","08:30","+2","19.299999"
"28","08:30","+3","18.700001"
"28","08:30","+4","18.000000"
"28","09:30","+1","18.700001"
"28","09:30","+2","18.299999"
"28","09:30","+3","18.000000"
"28","10:30","+1","18.000000"
"28","10:30","+2","18.000000"
"28","11:30","+1","18.000000"
"28","11:30","+2","17.700001"
"28","11:30","+3","17.299999"
"28","11:30","+4","17.000000"
"28","12:30","+1","17.400000"
"28","12:30","+2","17.200001"
"28","12:30","+3","17.000000"
"28","13:30","+1","17.000000"
"28","13:30","+2","17.000000"
"28","14:30","+1","17.000000"
"28","14:30","+2","16.700001"
"28","14:30","+3","16.299999"
"28","14:30","+4","16.000000"
"28","15:30","+1","16.500000"
"28","15:30","+2","16.200001"
"28","15:30","+3","16.000000"
"28","16:30","+1","16.100000"
"28","16:30","+2","16.000000"
"28","17:30","+1","16.000000"
"28","17:30","+2","16.000000"
"28","17:30","+3","16.000000"
"28","17:30","+4","16.000000"
"28","18:30","+1","15.600000"
"28","18:30","+2","15.800000"
"28","18:30","+3","16.000000"
"28","19:30","+1","15.800000"
"28","19:30","+2","16.000000"
"28","20:30","+1","16.000000"
"28","20:30","+2","16.700001"
"28","20:30","+3","17.299999"
"28","20:30","+4","18.000000"
"28","21:30","+1","15.400000"
"28","21:30","+2","16.200001"
"28","21:30","+3","17.000000"
"28","22:30","+1","15.600000"
"28","22:30","+2","17.000000"
"28","23:30","+1","17.000000"
"28","23:30","+2","19.299999"
"28","23:30","+3","21.700001"
"28","23:30","+4","24.000000"
"29","00:30","+1","19.400000"
"29","00:30","+2","21.700001"
"29","00:30","+3","24.000000"
"29","01:30","+1","22.000000"
"29","01:30","+2","24.000000"
"29","02:30","+1","24.000000"
"29","02:30","+2","24.299999"
"29","02:30","+3","24.700001"
"29","02:30","+4","25.000000"
"29","03:30","+1","24.400000"
"29","03:30","+2","24.700001"
"29","03:30","+3","25.000000"
"29","04:30","+1","24.799999"
"29","04:30","+2","25.000000"
"29","05:30","+1","25.000000"
"29","05:30","+2","24.299999"
"29","05:30","+3","23.700001"
"29","05:30","+4","23.000000"
"29","06:30","+1","24.400000"
"29","06:30","+2","23.700001"
"29","06:30","+3","23.000000"
"29","07:30","+1","24.000000"
"29","07:30","+2","23.000000"
"29","08:30","+1","23.000000"
"29","08:30","+2","22.299999"
"29","08:30","+3","21.700001"
"29","08:30","+4","21.000000"
"29","09:30","+1","22.900000"
"29","09:30","+2","21.900000"
"29","09:30","+3","21.000000"
"29","10:30","+1","21.600000"
"29","10:30","+2","21.000000"
"29","11:30","+1","21.000000"
"29","11:30","+2","20.299999"
"29","11:30","+3","19.700001"
"29","11:30","+4","19.000000"
"29","12:30","+1","19.500000"
"29","12:30","+2","19.299999"
"29","12:30","+3","19.000000"
"29","13:30","+1","19.000000"
"29","13:30","+2","19.000000"
"29","14:30","+1","19.000000"
"29","14:30","+2","18.299999"
"29","14:30","+3","17.700001"
"29","14:30","+4","17.000000"
"29","15:30","+1","17.700001"
"29","15:30","+2","17.299999"
"29","15:30","+3","17.000000"
"29","16:30","+1","17.200001"
"29","16:30","+2","17.000000"
"29","17:30","+1","17.000000"
"29","17:30","+2","16.700001"
"29","17:30","+3","16.299999"
"29","17:30","+4","16.000000"
"29","18:30","+1","16.200001"
"29","18:30","+2","16.100000"
"29","18:30","+3","16.000000"
"29","19:30","+1","15.900000"
"29","19:30","+2","16.000000"
"29","20:30","+1","16.000000"
"29","20:30","+2","16.700001"
"29","20:30","+3","17.299999"
"29","20:30","+4","18.000000"
"29","21:30","+1","16.200001"
"29","21:30","+2","17.100000"
"29","21:30","+3","18.000000"
"29","22:30","+1","16.600000"
"29","22:30","+2","18.000000"
"29","23:30","+1","18.000000"
"29","23:30","+2","18.700001"
"29","23:30","+3","19.299999"
"29","23:30","+4","20.000000"
"30","00:30","+1","18.900000"
"30","00:30","+2","19.400000"
"30","00:30","+3","20.000000"
"30","01:30","+1","20.100000"
"30","01:30","+2","20.000000"
"30","02:30","+1","20.000000"
"30","02:30","+2","20.000000"
"30","02:30","+3","20.000000"
"30","02:30","+4","20.000000"
"30","03:30","+1","20.299999"
"30","03:30","+2","20.200001"
"30","03:30","+3","20.000000"
"30","04:30","+1","20.299999"
"30","04:30","+2","20.000000"
"30","05:30","+1","20.000000"
"30","05:30","+2","19.299999"
"30","05:30","+3","18.700001"
"30","05:30","+4","18.000000"
"30","06:30","+1","19.100000"
"30","06:30","+2","18.500000"
"30","06:30","+3","18.000000"
"30","07:30","+1","18.799999"
"30","07:30","+2","18.000000"
"30","08:30","+1","18.000000"
"30","08:30","+2","17.000000"
"30","08:30","+3","16.000000"
"30","08:30","+4","15.000000"
"30","09:30","+1","17.700001"
"30","09:30","+2","16.900000"
"30","09:30","+3","16.000000"
"30","10:30","+1","16.700001"
"30","10:30","+2","16.000000"
"30","11:30","+1","16.000000"
"30","11:30","+2","15.300000"
"30","11:30","+3","14.700000"
"30","11:30","+4","14.000000"
"30","12:30","+1","15.200000"
"30","12:30","+2","14.600000"
"30","12:30","+3","14.000000"
"30","13:30","+1","14.400000"
"30","13:30","+2","14.000000"
"30","14:30","+1","14.000000"
"30","14:30","+2","13.300000"
"30","14:30","+3","12.700000"
"30","14:30","+4","12.000000"
"30","15:30","+1","13.200000"
"30","15:30","+2","12.600000"
"30","15:30","+3","12.000000"
"30","16:30","+1","12.800000"
"30","16:30","+2","12.000000"
"30","17:30","+1","12.000000"
"30","17:30","+2","11.700000"
"30","17:30","+3","11.300000"
"30","17:30","+4","11.000000"
"30","18:30","+1","12.300000"
"30","18:30","+2","11.600000"
"30","18:30","+3","11.000000"
"30","19:30","+1","12.000000"
"30","19:30","+2","11.000000"
"30","20:30","+1","11.000000"
"30","20:30","+2","12.000000"
"30","20:30","+3","13.000000"
"30","20:30","+4","14.000000"
"30","21:30","+1","14.000000"
"30","21:30","+2","14.000000"
"30","21:30","+3","14.000000"
"30","22:30","+1","13.800000"
"30","22:30","+2","14.000000"
"30","23:30","+1","14.000000"
"30","23:30","+2","15.000000"
"30","23:30","+3","16.000000"
"30","23:30","+4","17.000000"
" ",,,
